[{"id":"7a8a4d5664f22818915ee3ec7effe5b7","issuer":{"id":1044,"name":"Banco Provincia"},"max_installments":18,"marketplace":"NONE","start_date":"2015-05-11T23:00:00.000-04:00","expiration_date":"2015-06-01T02:59:59.999Z","total_financial_cost":null,"payment_methods":[{"id":"master","name":"Mastercard","thumbnail":"http://img.mlstatic.com/org-img/MP3/API/logos/master.gif","secure_thumbnail":"https://www.mercadopago.com/org-img/MP3/API/logos/master.gif"},{"id":"visa","name":"Visa","thumbnail":"http://img.mlstatic.com/org-img/MP3/API/logos/visa.gif","secure_thumbnail":"https://www.mercadopago.com/org-img/MP3/API/logos/visa.gif"}]},{"id":"7a8a4d5664f22818915ee3ec7effe5b7","issuer":{"id":1044,"name":"Banco Provincia"},"max_installments":18,"marketplace":"NONE","start_date":"2015-05-11T23:00:00.000-04:00","expiration_date":"2015-06-01T02:59:59.999Z","total_financial_cost":null,"payment_methods":[{"id":"master","name":"Mastercard","thumbnail":"http://img.mlstatic.com/org-img/MP3/API/logos/master.gif","secure_thumbnail":"https://www.mercadopago.com/org-img/MP3/API/logos/master.gif"},{"id":"visa","name":"Visa","thumbnail":"http://img.mlstatic.com/org-img/MP3/API/logos/visa.gif","secure_thumbnail":"https://www.mercadopago.com/org-img/MP3/API/logos/visa.gif"}]},{"id":"0ef63c8ae7068f57f16eab541091df52","issuer":{"id":294,"name":"Banco Hipotecario"},"max_installments":6,"marketplace":"NONE","start_date":"2015-05-01T03:00:00.000Z","expiration_date":"2015-06-01T02:59:59.999Z","total_financial_cost":null,"payment_methods":[{"id":"visa","name":"Visa","thumbnail":"http://img.mlstatic.com/org-img/MP3/API/logos/visa.gif","secure_thumbnail":"https://www.mercadopago.com/org-img/MP3/API/logos/visa.gif"}]},{"id":"0ef63c8ae7068f57f16eab541091df52","issuer":{"id":294,"name":"Banco Hipotecario"},"max_installments":6,"marketplace":"NONE","start_date":"2015-05-01T03:00:00.000Z","expiration_date":"2015-06-01T02:59:59.999Z","total_financial_cost":null,"payment_methods":[{"id":"visa","name":"Visa","thumbnail":"http://img.mlstatic.com/org-img/MP3/API/logos/visa.gif","secure_thumbnail":"https://www.mercadopago.com/org-img/MP3/API/logos/visa.gif"}]},{"id":"e164691a781c98beedd953010fe3e474","issuer":{"id":1028,"name":"Diners"},"max_installments":6,"marketplace":"NONE","start_date":"2015-05-01T03:00:00.000Z","expiration_date":"2015-06-01T02:59:59.999Z","total_financial_cost":null,"thumbnail":"http://img.mlstatic.com/org-img/MP3/API/logos/diners.gif","secure_thumbnail":"https://www.mercadopago.com/org-img/MP3/API/logos/diners.gif"},{"id":"e164691a781c98beedd953010fe3e474","issuer":{"id":1028,"name":"Diners"},"max_installments":6,"marketplace":"NONE","start_date":"2015-05-01T03:00:00.000Z","expiration_date":"2015-06-01T02:59:59.999Z","total_financial_cost":null,"thumbnail":"http://img.mlstatic.com/org-img/MP3/API/logos/diners.gif","secure_thumbnail":"https://www.mercadopago.com/org-img/MP3/API/logos/diners.gif"},{"id":"0527372817786c2bed58a957e79ada9d","issuer":{"id":692,"name":"Cencosud"},"max_installments":6,"marketplace":"NONE","start_date":"2015-05-01T03:00:00.000Z","expiration_date":"2015-06-01T02:59:59.999Z","total_financial_cost":null,"payment_methods":[{"id":"master","name":"Mastercard","thumbnail":"http://img.mlstatic.com/org-img/MP3/API/logos/master.gif","secure_thumbnail":"https://www.mercadopago.com/org-img/MP3/API/logos/master.gif"},{"id":"cencosud","name":"Cencosud","thumbnail":"http://img.mlstatic.com/org-img/MP3/API/logos/cencosud.gif","secure_thumbnail":"https://www.mercadopago.com/org-img/MP3/API/logos/cencosud.gif"}]},{"id":"0527372817786c2bed58a957e79ada9d","issuer":{"id":692,"name":"Cencosud"},"max_installments":6,"marketplace":"NONE","start_date":"2015-05-01T03:00:00.000Z","expiration_date":"2015-06-01T02:59:59.999Z","total_financial_cost":null,"payment_methods":[{"id":"master","name":"Mastercard","thumbnail":"http://img.mlstatic.com/org-img/MP3/API/logos/master.gif","secure_thumbnail":"https://www.mercadopago.com/org-img/MP3/API/logos/master.gif"},{"id":"cencosud","name":"Cencosud","thumbnail":"http://img.mlstatic.com/org-img/MP3/API/logos/cencosud.gif","secure_thumbnail":"https://www.mercadopago.com/org-img/MP3/API/logos/cencosud.gif"}]},{"id":"3b910dae0da80023c3e23d12311d1bcf","issuer":{"id":288,"name":"Tarjeta Shopping"},"max_installments":6,"marketplace":"NONE","start_date":"2015-05-01T03:00:00.000Z","expiration_date":"2015-06-01T02:59:59.999Z","total_financial_cost":null,"thumbnail":"http://img.mlstatic.com/org-img/MP3/API/logos/tarshop.gif","secure_thumbnail":"https://www.mercadopago.com/org-img/MP3/API/logos/tarshop.gif","payment_methods":[{"id":"visa","name":"Visa","thumbnail":"http://img.mlstatic.com/org-img/MP3/API/logos/visa.gif","secure_thumbnail":"https://www.mercadopago.com/org-img/MP3/API/logos/visa.gif"}]},{"id":"3b910dae0da80023c3e23d12311d1bcf","issuer":{"id":288,"name":"Tarjeta Shopping"},"max_installments":6,"marketplace":"NONE","start_date":"2015-05-01T03:00:00.000Z","expiration_date":"2015-06-01T02:59:59.999Z","total_financial_cost":null,"thumbnail":"http://img.mlstatic.com/org-img/MP3/API/logos/tarshop.gif","secure_thumbnail":"https://www.mercadopago.com/org-img/MP3/API/logos/tarshop.gif","payment_methods":[{"id":"visa","name":"Visa","thumbnail":"http://img.mlstatic.com/org-img/MP3/API/logos/visa.gif","secure_thumbnail":"https://www.mercadopago.com/org-img/MP3/API/logos/visa.gif"}]},{"id":"64f754627488e0e424193d2dc1d33e17","issuer":{"id":303,"name":"Banco Patagonia"},"max_installments":3,"marketplace":"NONE","start_date":"2015-05-01T03:00:00.000Z","expiration_date":"2015-06-01T02:59:59.999Z","total_financial_cost":null,"payment_methods":[{"id":"visa","name":"Visa","thumbnail":"http://img.mlstatic.com/org-img/MP3/API/logos/visa.gif","secure_thumbnail":"https://www.mercadopago.com/org-img/MP3/API/logos/visa.gif"},{"id":"master","name":"Mastercard","thumbnail":"http://img.mlstatic.com/org-img/MP3/API/logos/master.gif","secure_thumbnail":"https://www.mercadopago.com/org-img/MP3/API/logos/master.gif"},{"id":"amex","name":"American Express","thumbnail":"http://img.mlstatic.com/org-img/MP3/API/logos/amex.gif","secure_thumbnail":"https://www.mercadopago.com/org-img/MP3/API/logos/amex.gif"}]},{"id":"64f754627488e0e424193d2dc1d33e17","issuer":{"id":303,"name":"Banco Patagonia"},"max_installments":3,"marketplace":"NONE","start_date":"2015-05-01T03:00:00.000Z","expiration_date":"2015-06-01T02:59:59.999Z","total_financial_cost":null,"payment_methods":[{"id":"visa","name":"Visa","thumbnail":"http://img.mlstatic.com/org-img/MP3/API/logos/visa.gif","secure_thumbnail":"https://www.mercadopago.com/org-img/MP3/API/logos/visa.gif"},{"id":"master","name":"Mastercard","thumbnail":"http://img.mlstatic.com/org-img/MP3/API/logos/master.gif","secure_thumbnail":"https://www.mercadopago.com/org-img/MP3/API/logos/master.gif"},{"id":"amex","name":"American Express","thumbnail":"http://img.mlstatic.com/org-img/MP3/API/logos/amex.gif","secure_thumbnail":"https://www.mercadopago.com/org-img/MP3/API/logos/amex.gif"}]},{"id":"f1ef19ef8e2761395be12e35cb8ef87d","issuer":{"id":272,"name":"Banco Comafi"},"max_installments":6,"marketplace":"NONE","start_date":"2015-05-01T03:00:00.000Z","expiration_date":"2015-06-01T02:59:59.999Z","total_financial_cost":null,"payment_methods":[{"id":"visa","name":"Visa","thumbnail":"http://img.mlstatic.com/org-img/MP3/API/logos/visa.gif","secure_thumbnail":"https://www.mercadopago.com/org-img/MP3/API/logos/visa.gif"},{"id":"master","name":"Mastercard","thumbnail":"http://img.mlstatic.com/org-img/MP3/API/logos/master.gif","secure_thumbnail":"https://www.mercadopago.com/org-img/MP3/API/logos/master.gif"}]},{"id":"f1ef19ef8e2761395be12e35cb8ef87d","issuer":{"id":272,"name":"Banco Comafi"},"max_installments":6,"marketplace":"NONE","start_date":"2015-05-01T03:00:00.000Z","expiration_date":"2015-06-01T02:59:59.999Z","total_financial_cost":null,"payment_methods":[{"id":"visa","name":"Visa","thumbnail":"http://img.mlstatic.com/org-img/MP3/API/logos/visa.gif","secure_thumbnail":"https://www.mercadopago.com/org-img/MP3/API/logos/visa.gif"},{"id":"master","name":"Mastercard","thumbnail":"http://img.mlstatic.com/org-img/MP3/API/logos/master.gif","secure_thumbnail":"https://www.mercadopago.com/org-img/MP3/API/logos/master.gif"}]},{"id":"f1465a271485733b3f349ad6889ee067","issuer":{"id":1007,"name":"Nativa Mastercard"},"max_installments":6,"marketplace":"NONE","start_date":"2015-05-01T03:00:00.000Z","expiration_date":"2015-06-01T02:59:59.999Z","total_financial_cost":null,"payment_methods":[{"id":"master","name":"Mastercard","thumbnail":"http://img.mlstatic.com/org-img/MP3/API/logos/master.gif","secure_thumbnail":"https://www.mercadopago.com/org-img/MP3/API/logos/master.gif"}],"thumbnail":"http://img.mlstatic.com/org-img/MP3/API/logos/nativa.gif","secure_thumbnail":"https://www.mercadopago.com/org-img/MP3/API/logos/nativa.gif"},{"id":"f1465a271485733b3f349ad6889ee067","issuer":{"id":1007,"name":"Nativa Mastercard"},"max_installments":6,"marketplace":"NONE","start_date":"2015-05-01T03:00:00.000Z","expiration_date":"2015-06-01T02:59:59.999Z","total_financial_cost":null,"payment_methods":[{"id":"master","name":"Mastercard","thumbnail":"http://img.mlstatic.com/org-img/MP3/API/logos/master.gif","secure_thumbnail":"https://www.mercadopago.com/org-img/MP3/API/logos/master.gif"}],"thumbnail":"http://img.mlstatic.com/org-img/MP3/API/logos/nativa.gif","secure_thumbnail":"https://www.mercadopago.com/org-img/MP3/API/logos/nativa.gif"},{"id":"806060b166a9706ad4a81566ec7df810","issuer":{"id":282,"name":"Banco Nacion"},"max_installments":6,"marketplace":"NONE","start_date":"2015-05-01T03:00:00.000Z","expiration_date":"2015-06-01T02:59:59.999Z","total_financial_cost":null,"payment_methods":[{"id":"master","name":"Mastercard","thumbnail":"http://img.mlstatic.com/org-img/MP3/API/logos/master.gif","secure_thumbnail":"https://www.mercadopago.com/org-img/MP3/API/logos/master.gif"},{"id":"visa","name":"Visa","thumbnail":"http://img.mlstatic.com/org-img/MP3/API/logos/visa.gif","secure_thumbnail":"https://www.mercadopago.com/org-img/MP3/API/logos/visa.gif"}]},{"id":"806060b166a9706ad4a81566ec7df810","issuer":{"id":282,"name":"Banco Nacion"},"max_installments":6,"marketplace":"NONE","start_date":"2015-05-01T03:00:00.000Z","expiration_date":"2015-06-01T02:59:59.999Z","total_financial_cost":null,"payment_methods":[{"id":"master","name":"Mastercard","thumbnail":"http://img.mlstatic.com/org-img/MP3/API/logos/master.gif","secure_thumbnail":"https://www.mercadopago.com/org-img/MP3/API/logos/master.gif"},{"id":"visa","name":"Visa","thumbnail":"http://img.mlstatic.com/org-img/MP3/API/logos/visa.gif","secure_thumbnail":"https://www.mercadopago.com/org-img/MP3/API/logos/visa.gif"}]},{"id":"c11b8d007ed0a904a147b5a9ab1bfe8b","issuer":{"id":338,"name":"ICBC"},"max_installments":3,"marketplace":"NONE","start_date":"2015-05-01T03:00:00.000Z","expiration_date":"2015-06-01T02:59:59.999Z","total_financial_cost":null,"payment_methods":[{"id":"visa","name":"Visa","thumbnail":"http://img.mlstatic.com/org-img/MP3/API/logos/visa.gif","secure_thumbnail":"https://www.mercadopago.com/org-img/MP3/API/logos/visa.gif"},{"id":"master","name":"Mastercard","thumbnail":"http://img.mlstatic.com/org-img/MP3/API/logos/master.gif","secure_thumbnail":"https://www.mercadopago.com/org-img/MP3/API/logos/master.gif"}]},{"id":"c11b8d007ed0a904a147b5a9ab1bfe8b","issuer":{"id":338,"name":"ICBC"},"max_installments":3,"marketplace":"NONE","start_date":"2015-05-01T03:00:00.000Z","expiration_date":"2015-06-01T02:59:59.999Z","total_financial_cost":null,"payment_methods":[{"id":"visa","name":"Visa","thumbnail":"http://img.mlstatic.com/org-img/MP3/API/logos/visa.gif","secure_thumbnail":"https://www.mercadopago.com/org-img/MP3/API/logos/visa.gif"},{"id":"master","name":"Mastercard","thumbnail":"http://img.mlstatic.com/org-img/MP3/API/logos/master.gif","secure_thumbnail":"https://www.mercadopago.com/org-img/MP3/API/logos/master.gif"}]},{"id":"3a423e8624d8aa4304de9e05e21beee3","issuer":{"id":326,"name":"HSBC"},"max_installments":3,"marketplace":"NONE","start_date":"2015-05-01T03:00:00.000Z","expiration_date":"2015-06-01T02:59:59.999Z","total_financial_cost":null,"payment_methods":[{"id":"master","name":"Mastercard","thumbnail":"http://img.mlstatic.com/org-img/MP3/API/logos/master.gif","secure_thumbnail":"https://www.mercadopago.com/org-img/MP3/API/logos/master.gif"},{"id":"visa","name":"Visa","thumbnail":"http://img.mlstatic.com/org-img/MP3/API/logos/visa.gif","secure_thumbnail":"https://www.mercadopago.com/org-img/MP3/API/logos/visa.gif"},{"id":"amex","name":"American Express","thumbnail":"http://img.mlstatic.com/org-img/MP3/API/logos/amex.gif","secure_thumbnail":"https://www.mercadopago.com/org-img/MP3/API/logos/amex.gif"}]},{"id":"3a423e8624d8aa4304de9e05e21beee3","issuer":{"id":326,"name":"HSBC"},"max_installments":3,"marketplace":"NONE","start_date":"2015-05-01T03:00:00.000Z","expiration_date":"2015-06-01T02:59:59.999Z","total_financial_cost":null,"payment_methods":[{"id":"master","name":"Mastercard","thumbnail":"http://img.mlstatic.com/org-img/MP3/API/logos/master.gif","secure_thumbnail":"https://www.mercadopago.com/org-img/MP3/API/logos/master.gif"},{"id":"visa","name":"Visa","thumbnail":"http://img.mlstatic.com/org-img/MP3/API/logos/visa.gif","secure_thumbnail":"https://www.mercadopago.com/org-img/MP3/API/logos/visa.gif"},{"id":"amex","name":"American Express","thumbnail":"http://img.mlstatic.com/org-img/MP3/API/logos/amex.gif","secure_thumbnail":"https://www.mercadopago.com/org-img/MP3/API/logos/amex.gif"}]},{"id":"6e20fcb1b96b1c937eb4d79370cde0e2","issuer":{"id":1026,"name":"Banco Industrial"},"max_installments":12,"marketplace":"NONE","start_date":"2015-05-01T03:00:00.000Z","expiration_date":"2015-06-01T02:59:59.999Z","total_financial_cost":null,"payment_methods":[{"id":"master","name":"Mastercard","thumbnail":"http://img.mlstatic.com/org-img/MP3/API/logos/master.gif","secure_thumbnail":"https://www.mercadopago.com/org-img/MP3/API/logos/master.gif"},{"id":"visa","name":"Visa","thumbnail":"http://img.mlstatic.com/org-img/MP3/API/logos/visa.gif","secure_thumbnail":"https://www.mercadopago.com/org-img/MP3/API/logos/visa.gif"}]},{"id":"6e20fcb1b96b1c937eb4d79370cde0e2","issuer":{"id":1026,"name":"Banco Industrial"},"max_installments":12,"marketplace":"NONE","start_date":"2015-05-01T03:00:00.000Z","expiration_date":"2015-06-01T02:59:59.999Z","total_financial_cost":null,"payment_methods":[{"id":"master","name":"Mastercard","thumbnail":"http://img.mlstatic.com/org-img/MP3/API/logos/master.gif","secure_thumbnail":"https://www.mercadopago.com/org-img/MP3/API/logos/master.gif"},{"id":"visa","name":"Visa","thumbnail":"http://img.mlstatic.com/org-img/MP3/API/logos/visa.gif","secure_thumbnail":"https://www.mercadopago.com/org-img/MP3/API/logos/visa.gif"}]},{"id":"abb3b7d246e749d43b06711f1efe8a7b","issuer":{"id":688,"name":"Cabal"},"max_installments":3,"marketplace":"NONE","start_date":"2015-05-01T03:00:00.000Z","expiration_date":"2015-06-01T02:59:59.999Z","total_financial_cost":null,"thumbnail":"http://img.mlstatic.com/org-img/MP3/API/logos/cabal.gif","secure_thumbnail":"https://www.mercadopago.com/org-img/MP3/API/logos/cabal.gif"},{"id":"abb3b7d246e749d43b06711f1efe8a7b","issuer":{"id":688,"name":"Cabal"},"max_installments":3,"marketplace":"NONE","start_date":"2015-05-01T03:00:00.000Z","expiration_date":"2015-06-01T02:59:59.999Z","total_financial_cost":null,"thumbnail":"http://img.mlstatic.com/org-img/MP3/API/logos/cabal.gif","secure_thumbnail":"https://www.mercadopago.com/org-img/MP3/API/logos/cabal.gif"},{"id":"7b9091654c2dfcbdc74d204c83d9247b","issuer":{"id":1005,"name":"Provencred"},"max_installments":6,"marketplace":"NONE","start_date":"2015-05-01T03:00:00.000Z","expiration_date":"2015-06-01T02:59:59.999Z","total_financial_cost":null,"payment_methods":[{"id":"visa","name":"Visa","thumbnail":"http://img.mlstatic.com/org-img/MP3/API/logos/visa.gif","secure_thumbnail":"https://www.mercadopago.com/org-img/MP3/API/logos/visa.gif"}]},{"id":"7b9091654c2dfcbdc74d204c83d9247b","issuer":{"id":1005,"name":"Provencred"},"max_installments":6,"marketplace":"NONE","start_date":"2015-05-01T03:00:00.000Z","expiration_date":"2015-06-01T02:59:59.999Z","total_financial_cost":null,"payment_methods":[{"id":"visa","name":"Visa","thumbnail":"http://img.mlstatic.com/org-img/MP3/API/logos/visa.gif","secure_thumbnail":"https://www.mercadopago.com/org-img/MP3/API/logos/visa.gif"}]}]