{"card_number":"5031755734530604","cardholder":{"identification":{"number":"20123456","type":"DNI"},"name":"john"},"device":{"fingerprint":{"location":null,"model":"Android SDK built for x86","os":"android","ram":900744,"resolution":"1440x2368","system_version":"5.0","vendor_ids":[{"name":"android_id","value":"6067237e4a8d5df"}],"vendor_specific_attributes":{"brand":"generic_x86","device":"generic_x86","manufacturer":"unknown","platform":"x86","product":"sdk_phone_x86","feature_accelerometer":true,"feature_bluetooth":true,"feature_camera":true,"feature_compass":true,"feature_flash":false,"feature_front_camera":false,"feature_gps":false,"feature_gyroscope":false,"feature_microphone":true,"feature_nfc":false,"feature_telephony":false,"feature_touch_screen":true,"screen_density":4.0},"disk_space":541,"free_disk_space":371}},"expiration_month":11,"expiration_year":2018,"security_code":"123"}