{"statement_descriptor":"MERCADOPAGO","captured":true,"fee_details":[{"amount":5.99,"fee_payer":"collector","type":"mercadopago_fee"}],"date_last_updated":"2015-03-11T16:00:05.434-04:00","date_created":"2015-03-11T16:00:05.480-04:00","id":1082629802,"issuer_id":3,"order":{},"external_reference":null,"description":null,"transaction_amount":100,"card":{"id":149024476,"first_six_digits":"503175","expiration_month":4,"cardholder":{"identification":{"number":"12345678","type":"DNI"},"name":"APRO"},"date_last_updated":null,"date_created":null,"expiration_year":2089,"last_four_digits":"0604"},"transaction_details":{"total_paid_amount":100,"payment_method_reference_id":"545048133_766f737b6d63637c7d7b","net_received_amount":94.01,"financial_institution":null,"installment_amount":100,"external_resource_url":null,"overpaid_amount":0},"coupon_amount":0,"call_for_authorize_id":null,"metadata":{},"currency_id":"ARS","collector_id":177785900,"status":"approved","payment_method_id":"master","status_detail":"accredited","binary_mode":false,"operation_type":"regular_payment","installments":1,"money_release_date":null,"differential_pricing_id":null,"payer":{"id":"178101336","email":null,"identification":{"number":null,"type":null},"type":"customer"},"notification_url":null,"transaction_amount_refunded":0,"refunds":[],"date_approved":"2015-03-11T16:00:05.434-04:00","payment_type_id":"credit_card","live_mode":true}