{"id":"tarshop","name":"Tarjeta Shopping","payment_type_id":"credit_card","status":"active","secure_thumbnail":"https://www.mercadopago.com/org-img/MP3/API/logos/tarshop.gif","thumbnail":"http://img.mlstatic.com/org-img/MP3/API/logos/tarshop.gif","deferred_capture":"supported","settings":[{"bin":{"pattern":"^(603488)","exclusion_pattern":null,"installments_pattern":"^(603488)"},"card_number":{"length":16,"validation":"standard"},"security_code":{"mode":"optional","length":3,"card_location":"back"}},{"bin":{"pattern":"^(27995)","exclusion_pattern":null,"installments_pattern":"^(27995)"},"card_number":{"length":13,"validation":"none"},"security_code":{"mode":"optional","length":0,"card_location":"back"}}],"additional_info_needed":["cardholder_identification_type","cardholder_name","cardholder_identification_number"]}