{"card":{"card_holder":null,"customer_id":"178101336","date_created":null,"date_last_updated":null,"expiration_month":4,"expiration_year":2089,"first_six_digits":"503175","id":149024476,"issuer":{"id":3,"name":"Mastercard"},"last_four_digits":"0604","payment_method":{"additional_info_needed":null,"id":"master","name":"Mastercard","payment_type_id":"credit_card","settings":null},"security_code":{"card_location":"back","length":3,"mode":null}},"label":"Mastercard terminada en 0604","icon":2130837583}