{"id":"master","name":"Mastercard","payment_type_id":"credit_card","status":"active","secure_thumbnail":"https://www.mercadopago.com/org-img/MP3/API/logos/master.gif","thumbnail":"http://img.mlstatic.com/org-img/MP3/API/logos/master.gif","deferred_capture":"supported","settings":[{"bin":{"pattern":"^5","exclusion_pattern":"^(589562)","installments_pattern":"^5"},"card_number":{"length":16,"validation":"standard"},"security_code":{"mode":"optional","length":3,"card_location":"back"}}],"additional_info_needed":["cardholder_identification_type","cardholder_name","cardholder_identification_number","issuer_id"]}