{"id":"visa","name":"Visa","payment_type_id":"credit_card","status":"active","secure_thumbnail":"https://www.mercadopago.com/org-img/MP3/API/logos/visa.gif","thumbnail":"http://img.mlstatic.com/org-img/MP3/API/logos/visa.gif","deferred_capture":"supported","settings":[{"bin":{"pattern":"^4","exclusion_pattern":"^(487017)","installments_pattern":"^4"},"card_number":{"length":16,"validation":"standard"},"security_code":{"mode":"optional","length":3,"card_location":"back"}}],"additional_info_needed":["cardholder_name","cardholder_identification_type","cardholder_identification_number"]}