{
	"items": [
		{
			"id": "item-ID-1234",
			"title": "Title of what you are paying for. It will be displayed in the payment process.",
			"currency_id": "CURRENCY_ID",
			"picture_url": "https://www.mercadopago.com/org-img/MP3/home/logomp3.gif",
			"description": "Item description",
			"category_id": "art", // Available categories at https://api.mercadopago.com/item_categories
			"quantity": 1,
			"unit_price": 100
		}
	],
	"payer": {
		"name": "user-name",
		"surname": "user-surname",
		"email": "user@email.com",
		"date_created": "2015-06-02T12:58:41.425-04:00",
		"phone": {
			"area_code": "11",
			"number": "4444-4444"
		},
		"identification": {
			"type": "DNI",
			"number": "12345678"
		},
		"address": {
			"street_name": "Street",
			"street_number": 123,
			"zip_code": "ZIP_CODE"
		} 
	},
	"back_urls": {
		"success": "https://www.success.com",
		"failure": "http://www.failure.com",
		"pending": "http://www.pending.com"
	},
	"auto_return": "approved",
	"payment_methods": {
		"excluded_payment_methods": [
			{
				"id": "master"
			}
		],
		"excluded_payment_types": [
			{
				"id": "ticket"
			}
		],
		"installments": 12,
		"default_payment_method_id": null,
		"default_installments": null
	},
	"shipments": {
		"receiver_address": {
			"zip_code": "ZIP_CODE",
			"street_number": 123,
			"street_name": "Street",
			"floor": 4,
			"apartment": "C"
		}
	},
	"notification_url": "https://www.your-site.com/ipn",
	"external_reference": "Reference_1234",
	"expires": true,
	"expiration_date_from": "2016-02-01T12:00:00.000-04:00",
	"expiration_date_to": "2016-02-28T12:00:00.000-04:00"
}