[
    {
        "id": "oxxo",
        "name": "Oxxo",
        "payment_type_id": "ticket",
        "status": "active",
        "secure_thumbnail": "https://www.mercadopago.com/org-img/MP3/API/logos/2017.gif",
        "thumbnail": "http://img.mlstatic.com/org-img/MP3/API/logos/2017.gif",
        "deferred_capture": "does_not_apply",
        "settings": [],
        "additional_info_needed": []
    },
    {
        "id": "bancomer",
        "name": "BBVA Bancomer",
        "payment_type_id": "atm",
        "status": "active",
        "secure_thumbnail": "https://www.mercadopago.com/org-img/MP3/API/logos/2014.gif",
        "thumbnail": "http://img.mlstatic.com/org-img/MP3/API/logos/2014.gif",
        "deferred_capture": "does_not_apply",
        "settings": [],
        "additional_info_needed": []
    },
    {
        "...": "..."
    }
]