<?xml version="1.0" encoding="UTF-8"?>
<metadata modelVersion="1.1.0">
  <groupId>com.mercadolibre</groupId>
  <artifactId>sdk</artifactId>
  <version>0.0.2-SNAPSHOT</version>
  <versioning>
    <snapshot>
      <timestamp>20130413.195604</timestamp>
      <buildNumber>1</buildNumber>
    </snapshot>
    <lastUpdated>20130413195604</lastUpdated>
    <snapshotVersions>
      <snapshotVersion>
        <extension>jar</extension>
        <value>0.0.2-20130413.195604-1</value>
        <updated>20130413195604</updated>
      </snapshotVersion>
      <snapshotVersion>
        <extension>pom</extension>
        <value>0.0.2-20130413.195604-1</value>
        <updated>20130413195604</updated>
      </snapshotVersion>
    </snapshotVersions>
  </versioning>
</metadata>
