{
	"user_id": USER_ID,
	"currency_id": "CURRENCY_ID",
	"total_amount": 10.02,
	"available_balance": 10.02,
	"unavailable_balance": 0,
	"unavailable_balance_by_reason": [
		{
			"reason": "dispute",
			"amount": 0
		},
		{
			"reason": "fraud",
			"amount": 0
		},
		{
			"reason": "ml_debt",
			"amount": 0
		},
		{
			"reason": "time_period",
			"amount": 0
		},
		{
			"reason": "restriction",
			"amount": 0
		}
	],
	"available_balance_by_transaction_type": [
		{
			"amount": 10.02,
			"transaction_type": "transfer"
		},
		{
			"amount": 10.02,
			"transaction_type": "withdrawal"
		},
		{
			"amount": 10.02,
			"transaction_type": "payment"
		}
	]
}